Metric,LR - IRLS,LR - GD,LR - SGD,LR - ADAM,LDA,QDA,KNN
Accuracy,0.9664634146341463,0.9695121951219512,0.9695121951219512,0.35365853658536583,0.9695121951219512,0.926829268292683,0.9573170731707317
Precision,0.9830508474576272,0.9831932773109243,0.9831932773109243,0.33073929961089493,0.9831932773109243,0.8740740740740741,0.9743589743589743
Recall,0.928,0.936,0.936,0.68,0.936,0.944,0.912
F1-Score,0.9547325102880659,0.959016393442623,0.959016393442623,0.4450261780104712,0.959016393442623,0.9076923076923077,0.9421487603305785
