,Learning rate,Algorithm,F1-Score
0,1e-06,gd,0.12280701754385964
1,1e-05,gd,0.41984732824427484
2,0.0001,gd,0.3645320197044335
3,0.001,gd,0.2714285714285714
4,0.01,gd,0.4658385093167701
5,1e-06,sgd,0.3684210526315789
6,1e-05,sgd,0.24074074074074073
7,0.0001,sgd,0.27777777777777773
8,0.001,sgd,0.34146341463414637
9,0.01,sgd,0.4827586206896552
10,1e-06,adam,0.21359223300970873
11,1e-05,adam,0.3433476394849786
12,0.0001,adam,0.4
13,0.001,adam,0.4318181818181818
14,0.01,adam,0.5019607843137256
