,Learning rate,Algorithm,Accuracy
0,1e-06,gd,0.8696120689655172
1,1e-05,gd,0.9375
2,0.0001,gd,0.9719827586206896
3,0.001,gd,0.9741379310344828
4,0.01,gd,0.9558189655172413
5,1e-06,sgd,0.927801724137931
6,1e-05,sgd,0.9482758620689655
7,0.0001,sgd,0.96875
8,0.001,sgd,0.9730603448275862
9,0.01,sgd,0.9741379310344828
10,1e-06,adam,0.5334051724137931
11,1e-05,adam,0.25
12,0.0001,adam,0.24245689655172414
13,0.001,adam,0.947198275862069
14,0.01,adam,0.9719827586206896
