n_iter,gd_1e-06,gd_1e-05,gd_1e-04,gd_1e-03,gd_1e-02,sgd_1e-06,sgd_1e-05,sgd_1e-04,sgd_1e-03,sgd_1e-02,adam_1e-06,adam_1e-05,adam_1e-04,adam_1e-03,adam_1e-02
0,0.8280798334230532,1.4015533168883403,1.2396719031078998,0.8190177782968494,3.5947676905861274,1.6120275006398712,0.9164717474502352,1.358035152181556,0.37609945257411964,0.23205163911253296,1.4305490828031673,2.815174782149971,1.3493098205345726,1.406380605724621,0.497652733982814
1,0.8278196466354195,1.3937351117533503,1.1958325620052959,0.5728712919458961,0.2776944913123732,1.6115808910574752,0.9139673371988569,1.31471450487631,0.2506341348196038,0.14768588731463653,1.4305377331950808,2.8150143907989316,1.3483977002694172,1.3993077270671406,0.4630484564370897
2,0.8275595625485845,1.3859890030176287,1.1532565355840019,0.4380009200850866,0.2057747975078936,1.611134355188541,0.9114722079273353,1.2726020679550631,0.20978920691363692,0.12905590793444804,1.4305245124499606,2.814827558250404,1.3473363569685868,1.3911170623731761,0.42797363407185873
