n_iter,gd_1e-06,gd_1e-05,gd_1e-04,gd_1e-03,gd_1e-02,sgd_1e-06,sgd_1e-05,sgd_1e-04,sgd_1e-03,sgd_1e-02,adam_1e-06,adam_1e-05,adam_1e-04,adam_1e-03,adam_1e-02
0,1.8898818442325427,0.9659130228028215,1.7632605697645003,0.3847292033162956,0.9484980644646283,1.3760056000669811,0.7709281742646606,0.49110822166151175,0.457943894923506,0.14932638839546614,0.9037802003490243,0.8445695818374526,0.5418658738270539,1.2280734095767905,0.9552588227328321
1,1.8878126142952518,0.9561898120556516,1.5335639294103227,0.2950005667300057,0.6696191212562366,1.3744332558243,0.7638443172681145,0.46468251995686793,0.2950135816575928,0.128718556050236,0.9037733846275731,0.8444863800127077,0.5413752520713747,1.2184540059176028,0.8721767796504865
2,1.8857455267933503,0.9466117271204462,1.3379442648861926,0.2504554410519986,0.5250899740927617,1.372862505467353,0.756855765014891,0.44193278768196387,0.24368042654330535,0.12106404774824464,0.9037654452248486,0.8443894674317605,0.5408044463585338,1.207300917102389,0.7829385049614103
