n_iter,gd_1e-06,gd_1e-05,gd_1e-04,gd_1e-03,gd_1e-02,sgd_1e-06,sgd_1e-05,sgd_1e-04,sgd_1e-03,sgd_1e-02,adam_1e-06,adam_1e-05,adam_1e-04,adam_1e-03,adam_1e-02
0,0.568951526377398,0.5686707956084828,0.568385620380007,0.568105600849653,0.5678211767666412,0.986153607076111,0.9849982893962992,0.9838445965567034,0.9826925569815992,0.9815421442564143,1.1210667388973228,1.1210583623852712,1.1210486048566939,1.121037878812415,1.1210264520577053
1,1.15356861503222,1.144182798619285,1.1348976484702928,1.1257120958776257,1.1166250818312908,1.0559299236888164,1.0437203444213925,1.0317037697026878,1.0198766637025987,1.0082369545495573,2.1772088829500005,2.177095611821651,2.176963668740997,2.176818630939449,2.1766641244373863
2,0.8223087114801874,0.7231194303481141,0.6412792074220548,0.5736393364801106,0.517563833200047,0.7645170749070123,0.7062855707546646,0.6538114737409793,0.6067968462247003,0.5647293812100821,0.2846885512045833,0.2844529388692087,0.28417903070748424,0.28387862646687495,0.28355940487882825
3,0.6074892713714859,0.38315681188594364,0.30109793156391557,0.2554186697214723,0.22609933034167315,0.3294189621835816,0.2303096448397748,0.19245719805604247,0.17369928794612885,0.1623015276661797,0.9624991321507508,0.9547952336463222,0.9459041011751944,0.9362252394323213,0.9260164518454544
4,0.8403006113949981,0.6153878409280871,0.5194414917683061,0.45645222979924727,0.41131823271665496,0.16304326532016059,0.13450250146162523,0.12358057077410682,0.11848728396608531,0.11399153501055465,2.2046331882150647,2.0896117407949437,1.9584897467195732,1.8182955715167601,1.674004847382472
