n_iter,gd_1e-06,gd_1e-05,gd_1e-04,gd_1e-03,gd_1e-02,sgd_1e-06,sgd_1e-05,sgd_1e-04,sgd_1e-03,sgd_1e-02,adam_1e-06,adam_1e-05,adam_1e-04,adam_1e-03,adam_1e-02
0,2.182657363890876,2.1819286658877646,2.181200434279883,2.1804726688270004,2.1797453692889395,1.9112785923371896,1.91050820879377,1.9097384412925045,1.908969270869207,1.908200707217958,1.7415650449022577,1.7415501246758334,1.7415327448496145,1.7415136402645846,1.7414932880058815
1,3.7947748072522365,3.7722537042623685,3.7498001854774348,3.7274152713521254,3.7050999838200576,3.7856349025237175,3.773898428152092,3.762213660485599,3.7505820753056347,3.7390030754364916,1.886170899042377,1.8859851373904717,1.8857687859051013,1.8855310054757883,1.8852777448546645
2,1.0161105280982317,1.0105063445232672,1.0050889193968886,0.9998439310992838,0.9947585940960049,1.6019645607586541,1.5652654780737036,1.5309069808635398,1.4987193903124334,1.468376353024505,3.732294972965014,3.728912845373208,3.7249752324444354,3.7206494543437905,3.716044217818411
3,1.9326477269985307,1.7232825522959325,1.5993056452845769,1.5077212313250214,1.4309862343045958,1.5155775760061552,1.412573223492689,1.321867546035029,1.242406651414934,1.1736740718660132,2.703801676292678,2.67888916340429,2.6501265615087006,2.6188371760246807,2.5858925437120304
4,2.4757857446716365,3.288422028589164,6.899801324465576,2.3232377787997263,1.9382716716570048,0.7911227787268268,0.6575173533979929,0.5967811716261655,0.5617801896875281,0.539508475478652,1.1378544373564314,1.0812958520238578,1.0313414251821784,0.986905698122614,0.9419826676698009
