n_iter,gd_1e-06,gd_1e-05,gd_1e-04,gd_1e-03,gd_1e-02,sgd_1e-06,sgd_1e-05,sgd_1e-04,sgd_1e-03,sgd_1e-02,adam_1e-06,adam_1e-05,adam_1e-04,adam_1e-03,adam_1e-02
0,4.473795285686032,4.472064504874742,4.470333956169796,4.46860363967045,4.466873555476041,1.0829775504387107,1.0827709770394067,1.0825644437751714,1.0823579509673473,1.0821514988369747,3.163326219237904,3.163309801647615,3.1632906772662843,3.163269654558368,3.1632472583946876
1,0.6161906950393674,0.6146944799271319,0.61320335803006,0.6117173130021425,0.6102363285117547,2.786396002101885,2.7711355616872284,2.7559353618041875,2.740795990676384,2.72571491876898,1.7728644861306444,1.7727203029008693,1.7725523554124356,1.7723677464477923,1.7721710875465644
2,2.084795928376273,1.9154714370011132,1.7532559099612999,1.5989049494796594,1.4532389517769555,4.063625953170238,3.855204157643948,3.649556490772582,3.447178259370371,3.248583622406399,2.2688508204269526,2.267873658651676,2.2667355642910163,2.26548471912641,2.2641524101957593
3,0.507154013924011,0.38421447816854654,0.31677385530812086,0.2707452657832563,0.2372216325848316,1.0251683054169933,0.7309507486731651,0.5766824729931872,0.47408147441530313,0.3991017753271373,0.9650980392856647,0.9578623193490551,0.9496035975802788,0.9407377458263269,0.9315373105744718
4,2.4743497183783614,0.22132620486351837,0.20188181609702277,0.19082207665775275,0.18192883726853715,0.15136700741718007,0.12001304581746562,0.11128742833087363,0.10679583128674255,0.10390214769692317,1.293698697965627,1.2206979786584398,1.1382335791818812,1.0513015406135584,0.9635462701208486
