,Learning rate,Algorithm,F1-Score
0,1e-06,gd,0.46938775510204084
1,1e-05,gd,0.31884057971014496
2,0.0001,gd,0.3125
3,0.001,gd,0.7999999999999999
4,0.01,gd,0.9512195121951219
5,1e-06,sgd,0.16580310880829016
6,1e-05,sgd,0.39593908629441626
7,0.0001,sgd,0.28901734104046245
8,0.001,sgd,0.8971193415637859
9,0.01,sgd,0.959016393442623
10,1e-06,adam,0.4285714285714286
11,1e-05,adam,0.4771573604060914
12,0.0001,adam,0.5051903114186851
13,0.001,adam,0.53125
14,0.01,adam,0.7727272727272727
