n_iter,gd_1e-06,gd_1e-05,gd_1e-04,gd_1e-03,gd_1e-02,sgd_1e-06,sgd_1e-05,sgd_1e-04,sgd_1e-03,sgd_1e-02,adam_1e-06,adam_1e-05,adam_1e-04,adam_1e-03,adam_1e-02
0,1.6439592309469537,0.9559741005487856,1.1854812238858163,,,1.5973595860679566,1.4607670012893654,0.819065853083188,0.39084396582132924,0.33585313757289986,0.8687492775367894,2.1308686281597713,0.9839485900329095,3.695992813488482,1.2135561594169346
1,1.6317467810663915,0.9108315448789112,0.7590662678662725,,,1.5715217732616458,1.2417656644653974,0.5827376968240313,0.3645842328545089,0.33220601429719604,0.8687443277791862,2.1306440533609563,0.9828967390669732,3.6758686727954304,1.129670141547501
2,1.6197200351831553,0.8734150744098469,0.5535136995326729,,,1.5465657292678876,1.0827905585695545,0.4901996680179859,0.3525869817996991,0.32981805736226916,0.8687385619925828,2.1303824641797156,0.9816734683531572,3.652508785791441,1.0419183977038087
