,Learning rate,Algorithm,Accuracy
0,1e-06,gd,0.6829268292682927
1,1e-05,gd,0.28353658536585363
2,0.0001,gd,0.6646341463414634
3,0.001,gd,0.8567073170731707
4,0.01,gd,0.9634146341463414
5,1e-06,sgd,0.5091463414634146
6,1e-05,sgd,0.6371951219512195
7,0.0001,sgd,0.625
8,0.001,sgd,0.9237804878048781
9,0.01,sgd,0.9695121951219512
10,1e-06,adam,0.4146341463414634
11,1e-05,adam,0.3719512195121951
12,0.0001,adam,0.5640243902439024
13,0.001,adam,0.6341463414634146
14,0.01,adam,0.8475609756097561
