n_iter,gd_1e-06,gd_1e-05,gd_1e-04,gd_1e-03,gd_1e-02,sgd_1e-06,sgd_1e-05,sgd_1e-04,sgd_1e-03,sgd_1e-02,adam_1e-06,adam_1e-05,adam_1e-04,adam_1e-03,adam_1e-02
0,2.471338465797579,2.454855377730831,2.438524713789968,2.422345036992081,2.4063149116744142,1.55308437452349,1.5242373149011474,1.4964327753093718,1.4696427893036998,1.4438427124074913,2.04533202737148,2.0453147022743154,2.0452945208955744,2.045272336409517,2.0452487027664215
1,2.144735491480878,1.895756660525593,1.7055056775563,1.558547071333194,1.4428791131958363,1.0451974862677635,0.9911578387983312,0.9426111035656553,0.8993154100451192,0.8608682390429332,1.2024338591664623,1.2023152601785545,1.2021771264231276,1.2020253049216174,1.2018635923499512
2,0.787912150090379,0.671735023548202,0.5911048155309798,0.5339279450506291,0.48543099901031994,0.753270186749611,0.554129663931178,0.47679299263649366,0.4446259778581976,0.42874820274013464,1.4602385627725742,1.459140266031715,1.4578622751989914,1.4564591731087015,1.4549664442982253
3,,,,,,0.4090064605664574,0.3703257240249307,0.35334579343875844,0.34412001032947837,0.3389330138613166,0.7789566548262813,0.7751991771613187,0.7708840982581242,0.7662191280901034,0.7613409853886127
4,,,,,,0.3320282195320953,0.3302519667399764,0.32872416621555817,0.32740481920344744,,1.6905622779982667,1.582143825068284,1.4665625683309198,1.351979766283539,1.242678189714396
