,Learning rate,Algorithm,F1-Score
0,1e-06,gd,0.1037037037037037
1,1e-05,gd,0.2368421052631579
2,0.0001,gd,0.7291666666666666
3,0.001,gd,0.7551020408163266
4,0.01,gd,0.7132867132867132
5,1e-06,sgd,0.0
6,1e-05,sgd,0.441860465116279
7,0.0001,sgd,0.7010309278350514
8,0.001,sgd,0.7474747474747474
9,0.01,sgd,0.7599999999999999
10,1e-06,adam,0.1592233009708738
11,1e-05,adam,0.08661417322834646
12,0.0001,adam,0.016783216783216783
13,0.001,adam,0.379746835443038
14,0.01,adam,0.7346938775510204
